Date,Ticker,Close
2016-01-01,AOA,34.324764251708984
2016-02-01,AOA,34.08517837524414
2016-03-01,AOA,36.1855583190918
2016-04-01,AOA,36.4091682434082
2016-05-01,AOA,36.64875030517578
2016-06-01,AOA,36.63277816772461
2016-07-01,AOA,37.599117279052734
2016-08-01,AOA,38.03075408935547
2016-09-01,AOA,38.25636672973633
2016-10-01,AOA,37.52315139770508
2016-11-01,AOA,37.81932067871094
2016-12-01,AOA,38.15871810913086
2017-01-01,AOA,39.233070373535156
2017-02-01,AOA,40.1858024597168
2017-03-01,AOA,40.66624069213867
2017-04-01,AOA,41.195533752441406
2017-05-01,AOA,42.05160903930664
2017-06-01,AOA,42.280208587646484
2017-07-01,AOA,42.85166931152344
2017-08-01,AOA,43.388031005859375
2017-09-01,AOA,44.07907485961914
2017-10-01,AOA,44.70431900024414
2017-11-01,AOA,45.5698127746582
2017-12-01,AOA,44.455928802490234
2018-01-01,AOA,48.08913040161133
2018-02-01,AOA,46.28137969970703
2018-03-01,AOA,45.83589172363281
2018-04-01,AOA,45.810184478759766
2018-05-01,AOA,46.129093170166016
2018-06-01,AOA,45.879940032958984
2018-07-01,AOA,46.61882781982422
2018-08-01,AOA,47.3750114440918
2018-09-01,AOA,47.36635208129883
2018-10-01,AOA,44.2449951171875
2018-11-01,AOA,45.0508918762207
2018-12-01,AOA,42.22433853149414
2019-01-01,AOA,45.299034118652344
2019-02-01,AOA,46.210105895996094
2019-03-01,AOA,46.884647369384766
2019-04-01,AOA,48.08478546142578
2019-05-01,AOA,46.03858947753906
2019-06-01,AOA,48.473236083984375
2019-07-01,AOA,47.92829513549805
2019-08-01,AOA,47.91844940185547
2019-09-01,AOA,48.75288772583008
2019-10-01,AOA,49.605098724365234
2019-11-01,AOA,50.71461868286133
2019-12-01,AOA,51.658729553222656
2020-01-01,AOA,51.58526611328125
2020-02-01,AOA,48.411746978759766
2020-03-01,AOA,42.66707992553711
2020-04-01,AOA,46.21815490722656
2020-05-01,AOA,48.26704025268555
2020-06-01,AOA,49.512054443359375
2020-07-01,AOA,51.199161529541016
2020-08-01,AOA,54.030879974365234
2020-09-01,AOA,52.66876220703125
2020-10-01,AOA,51.51548767089844
2020-11-01,AOA,56.655513763427734
2020-12-01,AOA,58.44021987915039
2021-01-01,AOA,58.64466094970703
2021-02-01,AOA,59.74460220336914
2021-03-01,AOA,61.348663330078125
2021-04-01,AOA,63.31019973754883
2021-05-01,AOA,64.36297607421875
2021-06-01,AOA,64.86797332763672
2021-07-01,AOA,65.06078338623047
2021-08-01,AOA,66.73461151123047
2021-09-01,AOA,64.4451904296875
2021-10-01,AOA,66.9100112915039
2021-11-01,AOA,65.807373046875
2021-12-01,AOA,67.37094116210938
2022-01-01,AOA,65.28019714355469
2022-02-01,AOA,63.58315658569336
2022-03-01,AOA,64.28248596191406
2022-04-01,AOA,59.6575813293457
2022-05-01,AOA,60.148433685302734
2022-06-01,AOA,55.979644775390625
2022-07-01,AOA,58.858543395996094
2022-08-01,AOA,57.03639602661133
2022-09-01,AOA,52.275508880615234
2022-10-01,AOA,54.754940032958984
2022-11-01,AOA,58.97545623779297
2022-12-01,AOA,56.52524948120117
2023-01-01,AOA,60.66315460205078
2023-02-01,AOA,58.83525848388672
2023-03-01,AOA,60.53938293457031
2023-04-01,AOA,61.0915641784668
2023-05-01,AOA,60.5805778503418
2023-06-01,AOA,63.33987045288086
2023-07-01,AOA,64.65747833251953
2023-08-01,AOA,63.61775207519531
2023-09-01,AOA,61.07805633544922
2023-10-01,AOA,59.31757354736328
2023-11-01,AOA,64.20274353027344
2023-12-01,AOA,66.6646499633789
2024-01-01,AOA,67.34241485595703
2024-02-01,AOA,69.5735092163086
2024-03-01,AOA,71.57078552246094
2024-04-01,AOA,69.04739379882812
2024-05-01,AOA,71.99653625488281
2024-06-01,AOA,73.06147766113281
2024-07-01,AOA,74.00918579101562
2024-08-01,AOA,76.1391372680664
2024-09-01,AOA,77.6646728515625
2024-10-01,AOA,75.60765838623047
2024-11-01,AOA,78.36429595947266
2024-12-01,AOA,75.65833282470703
2025-01-01,AOA,78.2370834350586
2016-01-01,AOM,26.69832992553711
2016-02-01,AOM,26.730195999145508
2016-03-01,AOM,27.72610855102539
2016-04-01,AOM,27.813745498657227
2016-05-01,AOM,27.9252872467041
2016-06-01,AOM,28.124475479125977
2016-07-01,AOM,28.61844253540039
2016-08-01,AOM,28.844512939453125
2016-09-01,AOM,28.948781967163086
2016-10-01,AOM,28.371253967285156
2016-11-01,AOM,28.247739791870117
2016-12-01,AOM,28.368528366088867
2017-01-01,AOM,28.83114242553711
2017-02-01,AOM,29.341794967651367
2017-03-01,AOM,29.4633731842041
2017-04-01,AOM,29.69843292236328
2017-05-01,AOM,30.257932662963867
2017-06-01,AOM,30.323017120361328
2017-07-01,AOM,30.526411056518555
2017-08-01,AOM,30.91611099243164
2017-09-01,AOM,31.104522705078125
2017-10-01,AOM,31.260169982910156
2017-11-01,AOM,31.665496826171875
2017-12-01,AOM,31.295291900634766
2018-01-01,AOM,32.43857192993164
2018-02-01,AOM,31.68438148498535
2018-03-01,AOM,31.650850296020508
2018-04-01,AOM,31.39944839477539
2018-05-01,AOM,31.70672607421875
2018-06-01,AOM,31.58888053894043
2018-07-01,AOM,31.790882110595703
2018-08-01,AOM,32.2000846862793
2018-09-01,AOM,32.140708923339844
2018-10-01,AOM,30.817424774169922
2018-11-01,AOM,31.327136993408203
2018-12-01,AOM,30.423294067382812
2019-01-01,AOM,31.7812557220459
2019-02-01,AOM,32.15049362182617
2019-03-01,AOM,32.68291091918945
2019-04-01,AOM,32.99203872680664
2019-05-01,AOM,32.6608772277832
2019-06-01,AOM,33.69718551635742
2019-07-01,AOM,33.541748046875
2019-08-01,AOM,34.017913818359375
2019-09-01,AOM,34.226985931396484
2019-10-01,AOM,34.366371154785156
2019-11-01,AOM,34.89510726928711
2019-12-01,AOM,35.140289306640625
2020-01-01,AOM,35.48329162597656
2020-02-01,AOM,34.618492126464844
2020-03-01,AOM,32.42119598388672
2020-04-01,AOM,33.73604202270508
2020-05-01,AOM,34.82745361328125
2020-06-01,AOM,35.368587493896484
2020-07-01,AOM,36.20245361328125
2020-08-01,AOM,37.185611724853516
2020-09-01,AOM,36.64991760253906
2020-10-01,AOM,36.08744430541992
2020-11-01,AOM,38.104278564453125
2020-12-01,AOM,38.722782135009766
2021-01-01,AOM,38.80044937133789
2021-02-01,AOM,38.863582611083984
2021-03-01,AOM,39.27846908569336
2021-04-01,AOM,40.02705001831055
2021-05-01,AOM,40.41994857788086
2021-06-01,AOM,40.7364387512207
2021-07-01,AOM,40.99866485595703
2021-08-01,AOM,41.53354263305664
2021-09-01,AOM,40.62550354003906
2021-10-01,AOM,41.28837966918945
2021-11-01,AOM,41.08416748046875
2021-12-01,AOM,41.40286636352539
2022-01-01,AOM,40.43644714355469
2022-02-01,AOM,39.6759147644043
2022-03-01,AOM,39.37354278564453
2022-04-01,AOM,37.137760162353516
2022-05-01,AOM,37.45596694946289
2022-06-01,AOM,35.8106575012207
2022-07-01,AOM,37.079105377197266
2022-08-01,AOM,36.06512451171875
2022-09-01,AOM,33.87235641479492
2022-10-01,AOM,34.418235778808594
2022-11-01,AOM,36.482059478759766
2022-12-01,AOM,35.32950210571289
2023-01-01,AOM,37.416290283203125
2023-02-01,AOM,36.37643051147461
2023-03-01,AOM,37.341346740722656
2023-04-01,AOM,37.5005989074707
2023-05-01,AOM,37.230342864990234
2023-06-01,AOM,38.0399055480957
2023-07-01,AOM,38.3693733215332
2023-08-01,AOM,38.12557601928711
2023-09-01,AOM,36.92110824584961
2023-10-01,AOM,36.03910446166992
2023-11-01,AOM,38.42450714111328
2023-12-01,AOM,39.58802032470703
2024-01-01,AOM,40.03640365600586
2024-02-01,AOM,40.470211029052734
2024-03-01,AOM,41.2414436340332
2024-04-01,AOM,39.920719146728516
2024-05-01,AOM,41.20465850830078
2024-06-01,AOM,41.679500579833984
2024-07-01,AOM,42.24155807495117
2024-08-01,AOM,43.337791442871094
2024-09-01,AOM,44.06057357788086
2024-10-01,AOM,42.82012176513672
2024-11-01,AOM,43.973533630371094
2024-12-01,AOM,42.676727294921875
2025-01-01,AOM,43.832271575927734
2016-01-01,BIL,76.78646087646484
2016-02-01,BIL,76.78646087646484
2016-03-01,BIL,76.78646087646484
2016-04-01,BIL,76.82011413574219
2016-05-01,BIL,76.82011413574219
2016-06-01,BIL,76.80329895019531
2016-07-01,BIL,76.83689880371094
2016-08-01,BIL,76.83689880371094
2016-09-01,BIL,76.85370635986328
2016-10-01,BIL,76.87052917480469
2016-11-01,BIL,76.83689880371094
2016-12-01,BIL,76.80329895019531
2017-01-01,BIL,76.88737487792969
2017-02-01,BIL,76.90419006347656
2017-03-01,BIL,76.8924331665039
2017-04-01,BIL,76.94623565673828
2017-05-01,BIL,76.95297241210938
2017-06-01,BIL,77.0152587890625
2017-07-01,BIL,77.04396057128906
2017-08-01,BIL,77.11975860595703
2017-09-01,BIL,77.17377471923828
2017-10-01,BIL,77.22952270507812
2017-11-01,BIL,77.26663970947266
2017-12-01,BIL,77.2582015991211
2018-01-01,BIL,77.48490142822266
2018-02-01,BIL,77.47647857666016
2018-03-01,BIL,77.58325958251953
2018-04-01,BIL,77.64180755615234
2018-05-01,BIL,77.75645446777344
2018-06-01,BIL,77.85591888427734
2018-07-01,BIL,77.96321105957031
2018-08-01,BIL,78.07999420166016
2018-09-01,BIL,78.18672943115234
2018-10-01,BIL,78.3132553100586
2018-11-01,BIL,78.4554443359375
2018-12-01,BIL,78.45545196533203
2019-01-01,BIL,78.865478515625
2019-02-01,BIL,78.85688018798828
2019-03-01,BIL,79.00261688232422
2019-04-01,BIL,79.14948272705078
2019-05-01,BIL,79.3191909790039
2019-06-01,BIL,79.46148681640625
2019-07-01,BIL,79.61439514160156
2019-08-01,BIL,79.75804138183594
2019-09-01,BIL,79.87581634521484
2019-10-01,BIL,80.03130340576172
2019-11-01,BIL,80.11614990234375
2019-12-01,BIL,80.12401580810547
2020-01-01,BIL,80.42410278320312
2020-02-01,BIL,80.42410278320312
2020-03-01,BIL,80.59825897216797
2020-04-01,BIL,80.62210083007812
2020-05-01,BIL,80.6414566040039
2020-06-01,BIL,80.65380859375
2020-07-01,BIL,80.66260528564453
2020-08-01,BIL,80.66260528564453
2020-09-01,BIL,80.64498901367188
2020-10-01,BIL,80.65380859375
2020-11-01,BIL,80.64498901367188
2020-12-01,BIL,80.64498901367188
2021-01-01,BIL,80.64763641357422
2021-02-01,BIL,80.63882446289062
2021-03-01,BIL,80.62998962402344
2021-04-01,BIL,80.62998962402344
2021-05-01,BIL,80.62118530273438
2021-06-01,BIL,80.60356140136719
2021-07-01,BIL,80.59476470947266
2021-08-01,BIL,80.5859603881836
2021-09-01,BIL,80.59476470947266
2021-10-01,BIL,80.5859603881836
2021-11-01,BIL,80.56831359863281
2021-12-01,BIL,80.56831359863281
2022-01-01,BIL,80.56831359863281
2022-02-01,BIL,80.55071258544922
2022-03-01,BIL,80.56831359863281
2022-04-01,BIL,80.57890319824219
2022-05-01,BIL,80.60536193847656
2022-06-01,BIL,80.64059448242188
2022-07-01,BIL,80.65031433105469
2022-08-01,BIL,80.76765441894531
2022-09-01,BIL,80.89755249023438
2022-10-01,BIL,81.01167297363281
2022-11-01,BIL,81.21990966796875
2022-12-01,BIL,81.22718811035156
2023-01-01,BIL,81.93217468261719
2023-02-01,BIL,81.91432189941406
2023-03-01,BIL,82.31407165527344
2023-04-01,BIL,82.50764465332031
2023-05-01,BIL,82.83423614501953
2023-06-01,BIL,83.1993637084961
2023-07-01,BIL,83.51889038085938
2023-08-01,BIL,83.91435241699219
2023-09-01,BIL,84.23936462402344
2023-10-01,BIL,84.61241149902344
2023-11-01,BIL,84.99555206298828
2023-12-01,BIL,84.95661163330078
2024-01-01,BIL,86.10580444335938
2024-02-01,BIL,86.10580444335938
2024-03-01,BIL,86.50724029541016
2024-04-01,BIL,86.83367919921875
2024-05-01,BIL,87.2469482421875
2024-06-01,BIL,87.57916259765625
2024-07-01,BIL,87.98634338378906
2024-08-01,BIL,88.38298797607422
2024-09-01,BIL,88.76206970214844
2024-10-01,BIL,89.1368408203125
2024-11-01,BIL,89.47899627685547
2024-12-01,BIL,89.48773956298828
2025-01-01,BIL,90.50808715820312
2018-09-01,BNDW,61.556156158447266
2018-10-01,BNDW,61.268070220947266
2018-11-01,BNDW,61.58751678466797
2018-12-01,BNDW,61.76625442504883
2019-01-01,BNDW,63.26713180541992
2019-02-01,BNDW,63.20851135253906
2019-03-01,BNDW,64.42069244384766
2019-04-01,BNDW,64.41067504882812
2019-05-01,BNDW,65.42478942871094
2019-06-01,BNDW,66.3673324584961
2019-07-01,BNDW,66.84455108642578
2019-08-01,BNDW,68.47518920898438
2019-09-01,BNDW,68.07472229003906
2019-10-01,BNDW,68.01277160644531
2019-11-01,BNDW,67.86566925048828
2019-12-01,BNDW,66.85759735107422
2020-01-01,BNDW,69.14097595214844
2020-02-01,BNDW,69.84850311279297
2020-03-01,BNDW,68.65360260009766
2020-04-01,BNDW,69.89007568359375
2020-05-01,BNDW,70.3364486694336
2020-06-01,BNDW,70.77342224121094
2020-07-01,BNDW,71.5994644165039
2020-08-01,BNDW,70.99739837646484
2020-09-01,BNDW,71.28749084472656
2020-10-01,BNDW,71.1673812866211
2020-11-01,BNDW,71.77761840820312
2020-12-01,BNDW,71.88412475585938
2021-01-01,BNDW,71.51150512695312
2021-02-01,BNDW,70.18785858154297
2021-03-01,BNDW,69.89063262939453
2021-04-01,BNDW,70.05801391601562
2021-05-01,BNDW,70.15574645996094
2021-06-01,BNDW,70.61099243164062
2021-07-01,BNDW,71.50971221923828
2021-08-01,BNDW,71.25381469726562
2021-09-01,BNDW,70.54573822021484
2021-10-01,BNDW,70.36886596679688
2021-11-01,BNDW,70.84320068359375
2021-12-01,BNDW,69.54856872558594
2022-01-01,BNDW,69.31300354003906
2022-02-01,BNDW,68.41388702392578
2022-03-01,BNDW,66.73470306396484
2022-04-01,BNDW,64.3661117553711
2022-05-01,BNDW,64.41816711425781
2022-06-01,BNDW,63.38817596435547
2022-07-01,BNDW,65.16895294189453
2022-08-01,BNDW,63.02494812011719
2022-09-01,BNDW,60.7685661315918
2022-10-01,BNDW,60.473148345947266
2022-11-01,BNDW,62.43879318237305
2022-12-01,BNDW,61.14441680908203
2023-01-01,BNDW,63.191932678222656
2023-02-01,BNDW,61.725341796875
2023-03-01,BNDW,63.346221923828125
2023-04-01,BNDW,63.60553741455078
2023-05-01,BNDW,63.299808502197266
2023-06-01,BNDW,63.19183349609375
2023-07-01,BNDW,63.080318450927734
2023-08-01,BNDW,62.971290588378906
2023-09-01,BNDW,61.65748977661133
2023-10-01,BNDW,61.12335968017578
2023-11-01,BNDW,63.51826858520508
2023-12-01,BNDW,64.7654800415039
2024-01-01,BNDW,65.56031036376953
2024-02-01,BNDW,64.81791687011719
2024-03-01,BNDW,65.45539855957031
2024-04-01,BNDW,64.20004272460938
2024-05-01,BNDW,64.8359603881836
2024-06-01,BNDW,65.34160614013672
2024-07-01,BNDW,66.77982330322266
2024-08-01,BNDW,67.4783706665039
2024-09-01,BNDW,68.36661529541016
2024-10-01,BNDW,67.21330261230469
2024-11-01,BNDW,68.1179428100586
2024-12-01,BNDW,66.52667999267578
2025-01-01,BNDW,67.72453308105469
2016-01-01,DBC,11.1683349609375
2016-02-01,DBC,11.142118453979492
2016-03-01,DBC,11.614019393920898
2016-04-01,DBC,12.741340637207031
2016-05-01,DBC,12.854947090148926
2016-06-01,DBC,13.414237022399902
2016-07-01,DBC,12.479172706604004
2016-08-01,DBC,12.575301170349121
2016-09-01,DBC,13.117115020751953
2016-10-01,DBC,13.073418617248535
2016-11-01,DBC,13.291893005371094
2016-12-01,DBC,13.84244441986084
2017-01-01,DBC,13.7637939453125
2017-02-01,DBC,13.737576484680176
2017-03-01,DBC,13.291893005371094
2017-04-01,DBC,12.93359661102295
2017-05-01,DBC,12.750080108642578
2017-06-01,DBC,12.627734184265137
2017-07-01,DBC,13.143329620361328
2017-08-01,DBC,13.195764541625977
2017-09-01,DBC,13.457931518554688
2017-10-01,DBC,13.991005897521973
2017-11-01,DBC,14.122088432312012
2017-12-01,DBC,14.515341758728027
2018-01-01,DBC,14.943547248840332
2018-02-01,DBC,14.506603240966797
2018-03-01,DBC,14.838680267333984
2018-04-01,DBC,15.345537185668945
2018-05-01,DBC,15.756265640258789
2018-06-01,DBC,15.450404167175293
2018-07-01,DBC,15.074629783630371
2018-08-01,DBC,15.188237190246582
2018-09-01,DBC,15.70383358001709
2018-10-01,DBC,14.821202278137207
2018-11-01,DBC,13.361804008483887
2018-12-01,DBC,12.662690162658691
2019-01-01,DBC,13.738964080810547
2019-02-01,DBC,14.128469467163086
2019-03-01,DBC,14.075355529785156
2019-04-01,DBC,14.243551254272461
2019-05-01,DBC,13.393718719482422
2019-06-01,DBC,13.924863815307617
2019-07-01,DBC,13.765521049499512
2019-08-01,DBC,13.128145217895508
2019-09-01,DBC,13.314045906066895
2019-10-01,DBC,13.570767402648926
2019-11-01,DBC,13.55306339263916
2019-12-01,DBC,14.119617462158203
2020-01-01,DBC,13.113592147827148
2020-02-01,DBC,12.241151809692383
2020-03-01,DBC,10.118513107299805
2020-04-01,DBC,9.803714752197266
2020-05-01,DBC,10.595206260681152
2020-06-01,DBC,11.07190227508545
2020-07-01,DBC,11.638537406921387
2020-08-01,DBC,12.178192138671875
2020-09-01,DBC,11.746469497680664
2020-10-01,DBC,11.377704620361328
2020-11-01,DBC,12.53796100616455
2020-12-01,DBC,13.22152328491211
2021-01-01,DBC,13.662240028381348
2021-02-01,DBC,15.04735279083252
2021-03-01,DBC,14.939422607421875
2021-04-01,DBC,16.108673095703125
2021-05-01,DBC,16.729276657104492
2021-06-01,DBC,17.313899993896484
2021-07-01,DBC,17.538755416870117
2021-08-01,DBC,17.250940322875977
2021-09-01,DBC,18.150362014770508
2021-10-01,DBC,19.20269012451172
2021-11-01,DBC,17.520767211914062
2021-12-01,DBC,18.690019607543945
2022-01-01,DBC,20.165071487426758
2022-02-01,DBC,21.469236373901367
2022-03-01,DBC,23.43897247314453
2022-04-01,DBC,24.761127471923828
2022-05-01,DBC,25.903392791748047
2022-06-01,DBC,23.960636138916016
2022-07-01,DBC,23.483943939208984
2022-08-01,DBC,23.133167266845703
2022-09-01,DBC,21.505212783813477
2022-10-01,DBC,22.593515396118164
2022-11-01,DBC,22.926300048828125
2022-12-01,DBC,22.17078399658203
2023-01-01,DBC,22.503719329833984
2023-02-01,DBC,21.499330520629883
2023-03-01,DBC,21.481233596801758
2023-04-01,DBC,21.318359375
2023-05-01,DBC,19.952030181884766
2023-06-01,DBC,20.540185928344727
2023-07-01,DBC,22.331796646118164
2023-08-01,DBC,22.25035858154297
2023-09-01,DBC,22.585155487060547
2023-10-01,DBC,22.17797088623047
2023-11-01,DBC,21.635059356689453
2023-12-01,DBC,19.942981719970703
2024-01-01,DBC,21.19828987121582
2024-02-01,DBC,20.875520706176758
2024-03-01,DBC,21.80585289001465
2024-04-01,DBC,22.157100677490234
2024-05-01,DBC,22.090648651123047
2024-06-01,DBC,22.052675247192383
2024-07-01,DBC,21.435619354248047
2024-08-01,DBC,20.989439010620117
2024-09-01,DBC,21.14133071899414
2024-10-01,DBC,21.445112228393555
2024-11-01,DBC,21.01791763305664
2024-12-01,DBC,20.296436309814453
2025-01-01,DBC,21.969999313354492
2016-01-01,EEM,25.079801559448242
2016-02-01,EEM,24.87470245361328
2016-03-01,EEM,28.098894119262695
2016-04-01,EEM,28.213747024536133
2016-05-01,EEM,27.17183494567871
2016-06-01,EEM,28.18914031982422
2016-07-01,EEM,29.940309524536133
2016-08-01,EEM,30.20490264892578
2016-09-01,EEM,30.965599060058594
2016-10-01,EEM,30.709272384643555
2016-11-01,EEM,29.353242874145508
2016-12-01,EEM,28.94808006286621
2017-01-01,EEM,31.227659225463867
2017-02-01,EEM,31.771265029907227
2017-03-01,EEM,32.94209671020508
2017-04-01,EEM,33.50241470336914
2017-05-01,EEM,34.455806732177734
2017-06-01,EEM,34.61470031738281
2017-07-01,EEM,36.799922943115234
2017-08-01,EEM,37.66530990600586
2017-09-01,EEM,37.64850616455078
2017-10-01,EEM,38.88357162475586
2017-11-01,EEM,38.732330322265625
2017-12-01,EEM,39.589324951171875
2018-01-01,EEM,43.524173736572266
2018-02-01,EEM,40.95690155029297
2018-03-01,EEM,41.17865753173828
2018-04-01,EEM,40.0186882019043
2018-05-01,EEM,38.96961212158203
2018-06-01,EEM,36.95673370361328
2018-07-01,EEM,38.511653900146484
2018-08-01,EEM,37.060813903808594
2018-09-01,EEM,36.84619140625
2018-10-01,EEM,33.618289947509766
2018-11-01,EEM,35.26658248901367
2018-12-01,EEM,33.532447814941406
2019-01-01,EEM,37.55654525756836
2019-02-01,EEM,36.98143768310547
2019-03-01,EEM,37.39970016479492
2019-04-01,EEM,38.2797966003418
2019-05-01,EEM,35.47394943237305
2019-06-01,EEM,37.390987396240234
2019-07-01,EEM,36.675132751464844
2019-08-01,EEM,35.2878532409668
2019-09-01,EEM,35.884910583496094
2019-10-01,EEM,37.38633728027344
2019-11-01,EEM,37.35121536254883
2019-12-01,EEM,39.39700698852539
2020-01-01,EEM,37.763450622558594
2020-02-01,EEM,36.33756637573242
2020-03-01,EEM,30.607135772705078
2020-04-01,EEM,32.858055114746094
2020-05-01,EEM,33.83554458618164
2020-06-01,EEM,35.862266540527344
2020-07-01,EEM,39.046905517578125
2020-08-01,EEM,40.174381256103516
2020-09-01,EEM,39.76848602294922
2020-10-01,EEM,40.327720642089844
2020-11-01,EEM,43.95370101928711
2020-12-01,EEM,46.605525970458984
2021-01-01,EEM,48.58191680908203
2021-02-01,EEM,48.96465301513672
2021-03-01,EEM,48.6092414855957
2021-04-01,EEM,49.192481994628906
2021-05-01,EEM,50.0035514831543
2021-06-01,EEM,50.25871658325195
2021-07-01,EEM,47.229469299316406
2021-08-01,EEM,47.970863342285156
2021-09-01,EEM,46.1128044128418
2021-10-01,EEM,46.60706329345703
2021-11-01,EEM,44.70323944091797
2021-12-01,EEM,44.7123908996582
2022-01-01,EEM,45.3676643371582
2022-02-01,EEM,43.407676696777344
2022-03-01,EEM,41.940006256103516
2022-04-01,EEM,39.366943359375
2022-05-01,EEM,39.608463287353516
2022-06-01,EEM,37.24904251098633
2022-07-01,EEM,37.4344367980957
2022-08-01,EEM,36.937931060791016
2022-09-01,EEM,32.67550277709961
2022-10-01,EEM,32.029109954833984
2022-11-01,EEM,37.022247314453125
2022-12-01,EEM,35.504634857177734
2023-01-01,EEM,39.336509704589844
2023-02-01,EEM,36.35963821411133
2023-03-01,EEM,37.52946090698242
2023-04-01,EEM,37.215606689453125
2023-05-01,EEM,36.32159423828125
2023-06-01,EEM,37.62457275390625
2023-07-01,EEM,40.210208892822266
2023-08-01,EEM,37.545501708984375
2023-09-01,EEM,36.3760986328125
2023-10-01,EEM,35.177940368652344
2023-11-01,EEM,37.919334411621094
2023-12-01,EEM,38.54237365722656
2024-01-01,EEM,37.49376678466797
2024-02-01,EEM,39.05641174316406
2024-03-01,EEM,40.120967864990234
2024-04-01,EEM,40.0330696105957
2024-05-01,EEM,40.814388275146484
2024-06-01,EEM,41.5957145690918
2024-07-01,EEM,42.23694610595703
2024-08-01,EEM,42.64997100830078
2024-09-01,EEM,45.0986328125
2024-10-01,EEM,43.71204376220703
2024-11-01,EEM,42.54179763793945
2024-12-01,EEM,41.12570571899414
2025-01-01,EEM,42.720001220703125
2016-01-01,PFF,22.97442054748535
2016-02-01,PFF,22.88483428955078
2016-03-01,PFF,23.415376663208008
2016-04-01,PFF,23.6268253326416
2016-05-01,PFF,23.998153686523438
2016-06-01,PFF,24.286710739135742
2016-07-01,PFF,24.62815284729004
2016-08-01,PFF,24.631664276123047
2016-09-01,PFF,24.371492385864258
2016-10-01,PFF,24.135074615478516
2016-11-01,PFF,23.323383331298828
2016-12-01,PFF,23.26226234436035
2017-01-01,PFF,24.06534194946289
2017-02-01,PFF,24.44432830810547
2017-03-01,PFF,24.567485809326172
2017-04-01,PFF,24.887088775634766
2017-05-01,PFF,25.029767990112305
2017-06-01,PFF,25.232593536376953
2017-07-01,PFF,25.401899337768555
2017-08-01,PFF,25.388154983520508
2017-09-01,PFF,25.346418380737305
2017-10-01,PFF,25.25189781188965
2017-11-01,PFF,25.412410736083984
2017-12-01,PFF,25.214601516723633
2018-01-01,PFF,25.10618782043457
2018-02-01,PFF,25.046123504638672
2018-03-01,PFF,25.192726135253906
2018-04-01,PFF,25.018962860107422
2018-05-01,PFF,25.211244583129883
2018-06-01,PFF,25.646913528442383
2018-07-01,PFF,25.699125289916992
2018-08-01,PFF,26.07183265686035
2018-09-01,PFF,25.6352481842041
2018-10-01,PFF,25.058074951171875
2018-11-01,PFF,24.497343063354492
2018-12-01,PFF,23.93915557861328
2019-01-01,PFF,25.593738555908203
2019-02-01,PFF,25.62205696105957
2019-03-01,PFF,25.991243362426758
2019-04-01,PFF,26.169706344604492
2019-05-01,PFF,26.241777420043945
2019-06-01,PFF,26.589035034179688
2019-07-01,PFF,27.073528289794922
2019-08-01,PFF,27.235944747924805
2019-09-01,PFF,27.444541931152344
2019-10-01,PFF,27.56243324279785
2019-11-01,PFF,27.436317443847656
2019-12-01,PFF,27.847126007080078
2020-01-01,PFF,28.51236915588379
2020-02-01,PFF,27.122608184814453
2020-03-01,PFF,23.790184020996094
2020-04-01,PFF,26.004379272460938
2020-05-01,PFF,26.516193389892578
2020-06-01,PFF,26.267770767211914
2020-07-01,PFF,27.568147659301758
2020-08-01,PFF,28.099843978881836
2020-09-01,PFF,28.034740447998047
2020-10-01,PFF,27.979820251464844
2020-11-01,PFF,29.27236557006836
2020-12-01,PFF,30.003435134887695
2021-01-01,PFF,29.652721405029297
2021-02-01,PFF,29.27668571472168
2021-03-01,PFF,30.20331573486328
2021-04-01,PFF,30.561954498291016
2021-05-01,PFF,30.801536560058594
2021-06-01,PFF,31.31625747680664
2021-07-01,PFF,31.50644874572754
2021-08-01,PFF,31.61421775817871
2021-09-01,PFF,31.260560989379883
2021-10-01,PFF,31.83441925048828
2021-11-01,PFF,31.177871704101562
2021-12-01,PFF,32.117591857910156
2022-01-01,PFF,30.866661071777344
2022-02-01,PFF,29.841873168945312
2022-03-01,PFF,29.947349548339844
2022-04-01,PFF,28.01020050048828
2022-05-01,PFF,28.777713775634766
2022-06-01,PFF,27.328102111816406
2022-07-01,PFF,29.020902633666992
2022-08-01,PFF,27.898460388183594
2022-09-01,PFF,26.666608810424805
2022-10-01,PFF,25.80692481994629
2022-11-01,PFF,27.084901809692383
2022-12-01,PFF,26.107858657836914
2023-01-01,PFF,28.88919448852539
2023-02-01,PFF,28.115375518798828
2023-03-01,PFF,26.992300033569336
2023-04-01,PFF,27.280494689941406
2023-05-01,PFF,26.64702606201172
2023-06-01,PFF,27.20650291442871
2023-07-01,PFF,27.611156463623047
2023-08-01,PFF,27.335121154785156
2023-09-01,PFF,26.937217712402344
2023-10-01,PFF,25.663036346435547
2023-11-01,PFF,27.678552627563477
2023-12-01,PFF,28.3284854888916
2024-01-01,PFF,29.469472885131836
2024-02-01,PFF,29.579782485961914
2024-03-01,PFF,29.78927230834961
2024-04-01,PFF,28.767419815063477
2024-05-01,PFF,29.64496421813965
2024-06-01,PFF,29.611251831054688
2024-07-01,PFF,29.914997100830078
2024-08-01,PFF,30.687725067138672
2024-09-01,PFF,31.673574447631836
2024-10-01,PFF,31.460309982299805
2024-11-01,PFF,31.723207473754883
2024-12-01,PFF,30.42228126525879
2025-01-01,PFF,31.1066837310791
2016-01-01,SPY,165.61495971679688
2016-02-01,SPY,165.47813415527344
2016-03-01,SPY,175.7030487060547
2016-04-01,SPY,177.30528259277344
2016-05-01,SPY,180.32154846191406
2016-06-01,SPY,180.0121612548828
2016-07-01,SPY,187.5476837158203
2016-08-01,SPY,187.77235412597656
2016-09-01,SPY,186.83944702148438
2016-10-01,SPY,184.5276336669922
2016-11-01,SPY,191.32534790039062
2016-12-01,SPY,194.06008911132812
2017-01-01,SPY,198.69699096679688
2017-02-01,SPY,206.50408935546875
2017-03-01,SPY,205.8666229248047
2017-04-01,SPY,208.8145294189453
2017-05-01,SPY,211.76150512695312
2017-06-01,SPY,212.0772705078125
2017-07-01,SPY,217.4918212890625
2017-08-01,SPY,218.1263885498047
2017-09-01,SPY,221.42263793945312
2017-10-01,SPY,227.7650146484375
2017-11-01,SPY,234.72686767578125
2017-12-01,SPY,236.36546325683594
2018-01-01,SPY,250.96307373046875
2018-02-01,SPY,241.8379669189453
2018-03-01,SPY,234.270751953125
2018-04-01,SPY,236.42466735839844
2018-05-01,SPY,242.1719207763672
2018-06-01,SPY,242.475830078125
2018-07-01,SPY,252.58786010742188
2018-08-01,SPY,260.650390625
2018-09-01,SPY,261.0185241699219
2018-10-01,SPY,244.08099365234375
2018-11-01,SPY,248.6084442138672
2018-12-01,SPY,225.40264892578125
2019-01-01,SPY,244.87135314941406
2019-02-01,SPY,252.80889892578125
2019-03-01,SPY,256.2562255859375
2019-04-01,SPY,267.899658203125
2019-05-01,SPY,250.81544494628906
2019-06-01,SPY,266.9703369140625
2019-07-01,SPY,272.32489013671875
2019-08-01,SPY,267.7652893066406
2019-09-01,SPY,271.72052001953125
2019-10-01,SPY,279.00946044921875
2019-11-01,SPY,289.1091003417969
2019-12-01,SPY,296.05364990234375
2020-01-01,SPY,297.3891906738281
2020-02-01,SPY,273.8460693359375
2020-03-01,SPY,238.24961853027344
2020-04-01,SPY,270.0822448730469
2020-05-01,SPY,282.9504089355469
2020-06-01,SPY,286.70672607421875
2020-07-01,SPY,304.9275207519531
2020-08-01,SPY,326.2104187011719
2020-09-01,SPY,312.7440185546875
2020-10-01,SPY,306.1668701171875
2020-11-01,SPY,339.470703125
2020-12-01,SPY,350.55328369140625
2021-01-01,SPY,348.46002197265625
2021-02-01,SPY,358.14910888671875
2021-03-01,SPY,373.1866455078125
2021-04-01,SPY,394.21905517578125
2021-05-01,SPY,396.8074645996094
2021-06-01,SPY,404.3839111328125
2021-07-01,SPY,415.6112365722656
2021-08-01,SPY,427.979736328125
2021-09-01,SPY,406.7304992675781
2021-10-01,SPY,436.6626281738281
2021-11-01,SPY,433.1540832519531
2021-12-01,SPY,451.5998840332031
2022-01-01,SPY,429.2848205566406
2022-02-01,SPY,416.6136779785156
2022-03-01,SPY,430.935546875
2022-04-01,SPY,394.333984375
2022-05-01,SPY,395.22412109375
2022-06-01,SPY,361.0740661621094
2022-07-01,SPY,396.02777099609375
2022-08-01,SPY,379.8691101074219
2022-09-01,SPY,343.3413391113281
2022-10-01,SPY,372.7716369628906
2022-11-01,SPY,393.4945983886719
2022-12-01,SPY,369.1231384277344
2023-01-01,SPY,394.13800048828125
2023-02-01,SPY,384.228271484375
2023-03-01,SPY,396.9596252441406
2023-04-01,SPY,404.8402404785156
2023-05-01,SPY,406.7090148925781
2023-06-01,SPY,431.4610290527344
2023-07-01,SPY,447.2392883300781
2023-08-01,SPY,439.9707946777344
2023-09-01,SPY,417.6278991699219
2023-10-01,SPY,410.0028991699219
2023-11-01,SPY,447.4541320800781
2023-12-01,SPY,465.99346923828125
2024-01-01,SPY,475.33447265625
2024-02-01,SPY,500.14068603515625
2024-03-01,SPY,514.896484375
2024-04-01,SPY,495.6713562011719
2024-05-01,SPY,520.7422485351562
2024-06-01,SPY,537.3804321289062
2024-07-01,SPY,545.642333984375
2024-08-01,SPY,558.3915405273438
2024-09-01,SPY,568.3770141601562
2024-10-01,SPY,565.0328979492188
2024-11-01,SPY,598.7277221679688
2024-12-01,SPY,582.3621826171875
2025-01-01,SPY,600.0150146484375
2018-11-01,SWAN,21.054723739624023
2018-12-01,SWAN,20.24269676208496
2019-01-01,SWAN,21.049915313720703
2019-02-01,SWAN,21.257667541503906
2019-03-01,SWAN,21.872631072998047
2019-04-01,SWAN,22.4412899017334
2019-05-01,SWAN,21.965412139892578
2019-06-01,SWAN,22.98395538330078
2019-07-01,SWAN,23.27678680419922
2019-08-01,SWAN,23.930580139160156
2019-09-01,SWAN,23.888675689697266
2019-10-01,SWAN,24.1477108001709
2019-11-01,SWAN,24.559555053710938
2019-12-01,SWAN,24.1477108001709
2020-01-01,SWAN,25.396337509155273
2020-02-01,SWAN,25.12038230895996
2020-03-01,SWAN,24.80130958557129
2020-04-01,SWAN,25.732656478881836
2020-05-01,SWAN,26.155208587646484
2020-06-01,SWAN,26.457035064697266
2020-07-01,SWAN,27.3970890045166
2020-08-01,SWAN,28.027210235595703
2020-09-01,SWAN,27.345304489135742
2020-10-01,SWAN,26.608901977539062
2020-11-01,SWAN,28.275192260742188
2020-12-01,SWAN,28.335628509521484
2021-01-01,SWAN,28.296585083007812
2021-02-01,SWAN,27.90297508239746
2021-03-01,SWAN,27.955453872680664
2021-04-01,SWAN,29.116416931152344
2021-05-01,SWAN,29.28264617919922
2021-06-01,SWAN,29.982563018798828
2021-07-01,SWAN,30.83094024658203
2021-08-01,SWAN,31.38241958618164
2021-09-01,SWAN,29.96430778503418
2021-10-01,SWAN,31.303470611572266
2021-11-01,SWAN,31.54009246826172
2021-12-01,SWAN,30.269376754760742
2022-01-01,SWAN,30.00921630859375
2022-02-01,SWAN,29.283342361450195
2022-03-01,SWAN,28.777978897094727
2022-04-01,SWAN,26.292518615722656
2022-05-01,SWAN,26.08998680114746
2022-06-01,SWAN,24.847166061401367
2022-07-01,SWAN,26.13698959350586
2022-08-01,SWAN,24.880491256713867
2022-09-01,SWAN,22.931074142456055
2022-10-01,SWAN,22.918842315673828
2022-11-01,SWAN,24.016862869262695
2022-12-01,SWAN,22.7513484954834
2023-01-01,SWAN,24.131563186645508
2023-02-01,SWAN,23.081554412841797
2023-03-01,SWAN,23.95343589782715
2023-04-01,SWAN,24.388662338256836
2023-05-01,SWAN,23.982341766357422
2023-06-01,SWAN,24.313068389892578
2023-07-01,SWAN,24.822175979614258
2023-08-01,SWAN,24.412757873535156
2023-09-01,SWAN,22.73699951171875
2023-10-01,SWAN,22.177997589111328
2023-11-01,SWAN,24.222095489501953
2023-12-01,SWAN,25.488862991333008
2024-01-01,SWAN,25.862628936767578
2024-02-01,SWAN,26.433269500732422
2024-03-01,SWAN,27.0039119720459
2024-04-01,SWAN,25.59280014038086
2024-05-01,SWAN,26.771160125732422
2024-06-01,SWAN,27.62814712524414
2024-07-01,SWAN,28.530990600585938
2024-08-01,SWAN,29.246713638305664
2024-09-01,SWAN,29.81537437438965
2024-10-01,SWAN,28.95387077331543
2024-11-01,SWAN,30.471019744873047
2024-12-01,SWAN,28.93416976928711
2025-01-01,SWAN,29.590694427490234
2016-01-01,VFH,36.44942855834961
2016-02-01,VFH,35.52031707763672
2016-03-01,VFH,38.118560791015625
2016-04-01,VFH,39.314083099365234
2016-05-01,VFH,40.31177520751953
2016-06-01,VFH,39.050235748291016
2016-07-01,VFH,40.81976318359375
2016-08-01,VFH,42.1386604309082
2016-09-01,VFH,40.94417953491211
2016-10-01,VFH,41.953704833984375
2016-11-01,VFH,47.76115036010742
2016-12-01,VFH,49.521728515625
2017-01-01,VFH,49.81623458862305
2017-02-01,VFH,52.22993850708008
2017-03-01,VFH,50.679466247558594
2017-04-01,VFH,50.459625244140625
2017-05-01,VFH,49.644676208496094
2017-06-01,VFH,52.551612854003906
2017-07-01,VFH,53.61859893798828
2017-08-01,VFH,52.53847122192383
2017-09-01,VFH,55.15442657470703
2017-10-01,VFH,56.82440185546875
2017-11-01,VFH,58.82536697387695
2017-12-01,VFH,59.38496398925781
2018-01-01,VFH,63.0940055847168
2018-02-01,VFH,61.381160736083984
2018-03-01,VFH,59.199615478515625
2018-04-01,VFH,59.18848419189453
2018-05-01,VFH,59.09442901611328
2018-06-01,VFH,57.67500686645508
2018-07-01,VFH,60.70127487182617
2018-08-01,VFH,61.5351448059082
2018-09-01,VFH,59.63528060913086
2018-10-01,VFH,56.72309112548828
2018-11-01,VFH,58.2435302734375
2018-12-01,VFH,51.28058624267578
2019-01-01,VFH,56.47796630859375
2019-02-01,VFH,58.234493255615234
2019-03-01,VFH,56.1214485168457
2019-04-01,VFH,61.2556266784668
2019-05-01,VFH,56.962669372558594
2019-06-01,VFH,60.33757781982422
2019-07-01,VFH,62.33060836791992
2019-08-01,VFH,59.11296463012695
2019-09-01,VFH,61.539390563964844
2019-10-01,VFH,63.206478118896484
2019-11-01,VFH,66.33008575439453
2019-12-01,VFH,67.49812316894531
2020-01-01,VFH,66.28235626220703
2020-02-01,VFH,58.8573112487793
2020-03-01,VFH,45.15569305419922
2020-04-01,VFH,50.013980865478516
2020-05-01,VFH,51.45677947998047
2020-06-01,VFH,51.2596321105957
2020-07-01,VFH,53.16096878051758
2020-08-01,VFH,55.21845626831055
2020-09-01,VFH,52.79098129272461
2020-10-01,VFH,53.50694274902344
2020-11-01,VFH,62.26740264892578
2020-12-01,VFH,66.13471984863281
2021-01-01,VFH,65.56632232666016
2021-02-01,VFH,73.27999114990234
2021-03-01,VFH,77.22822570800781
2021-04-01,VFH,82.4463882446289
2021-05-01,VFH,85.85258483886719
2021-06-01,VFH,83.04316711425781
2021-07-01,VFH,83.15565490722656
2021-08-01,VFH,87.40612030029297
2021-09-01,VFH,85.4238052368164
2021-10-01,VFH,92.41118621826172
2021-11-01,VFH,87.4683837890625
2021-12-01,VFH,89.55492401123047
2022-01-01,VFH,89.51915740966797
2022-02-01,VFH,88.33514404296875
2022-03-01,VFH,87.06723022460938
2022-04-01,VFH,78.585693359375
2022-05-01,VFH,81.34783935546875
2022-06-01,VFH,72.27486419677734
2022-07-01,VFH,78.07637786865234
2022-08-01,VFH,76.56077575683594
2022-09-01,VFH,70.07482147216797
2022-10-01,VFH,79.08026123046875
2022-11-01,VFH,83.930419921875
2022-12-01,VFH,78.36980438232422
2023-01-01,VFH,85.13307189941406
2023-02-01,VFH,83.36762237548828
2023-03-01,VFH,74.33039855957031
2023-04-01,VFH,76.38496398925781
2023-05-01,VFH,73.37103271484375
2023-06-01,VFH,77.97830200195312
2023-07-01,VFH,83.13041687011719
2023-08-01,VFH,80.59200286865234
2023-09-01,VFH,77.52276611328125
2023-10-01,VFH,75.74732208251953
2023-11-01,VFH,84.41082000732422
2023-12-01,VFH,89.60697937011719
2024-01-01,VFH,91.8179702758789
2024-02-01,VFH,95.6771011352539
2024-03-01,VFH,100.03449249267578
2024-04-01,VFH,95.78800201416016
2024-05-01,VFH,99.07378387451172
2024-06-01,VFH,97.96543884277344
2024-07-01,VFH,105.32745361328125
2024-08-01,VFH,109.22956848144531
2024-09-01,VFH,108.30331420898438
2024-10-01,VFH,112.14007568359375
2024-11-01,VFH,124.98523712158203
2024-12-01,VFH,116.9334945678711
2025-01-01,VFH,125.3498306274414
2016-01-01,VGK,34.824562072753906
2016-02-01,VGK,33.70093536376953
2016-03-01,VGK,35.866844177246094
2016-04-01,VGK,37.06527328491211
2016-05-01,VGK,36.87942123413086
2016-06-01,VGK,34.68642807006836
2016-07-01,VGK,36.604881286621094
2016-08-01,VGK,36.85508728027344
2016-09-01,VGK,36.946067810058594
2016-10-01,VGK,35.83460235595703
2016-11-01,VGK,34.9961051940918
2016-12-01,VGK,36.54353713989258
2017-01-01,VGK,37.80600357055664
2017-02-01,VGK,38.02811050415039
2017-03-01,VGK,39.49869155883789
2017-04-01,VGK,41.26073455810547
2017-05-01,VGK,43.28602600097656
2017-06-01,VGK,42.46204376220703
2017-07-01,VGK,44.2820930480957
2017-08-01,VGK,44.313331604003906
2017-09-01,VGK,45.55510711669922
2017-10-01,VGK,45.94761657714844
2017-11-01,VGK,45.92410659790039
2017-12-01,VGK,46.37887954711914
2018-01-01,VGK,49.25188064575195
2018-02-01,VGK,46.224876403808594
2018-03-01,VGK,45.838623046875
2018-04-01,VGK,47.05265808105469
2018-05-01,VGK,45.911983489990234
2018-06-01,VGK,44.462371826171875
2018-07-01,VGK,46.886329650878906
2018-08-01,VGK,45.561492919921875
2018-09-01,VGK,45.41607666015625
2018-10-01,VGK,41.99164581298828
2018-11-01,VGK,41.70780563354492
2018-12-01,VGK,39.42900085449219
2019-01-01,VGK,42.339698791503906
2019-02-01,VGK,43.67837905883789
2019-03-01,VGK,43.7599983215332
2019-04-01,VGK,45.735164642333984
2019-05-01,VGK,43.140960693359375
2019-06-01,VGK,45.07020568847656
2019-07-01,VGK,44.687164306640625
2019-08-01,VGK,43.95171356201172
2019-09-01,VGK,44.80415725708008
2019-10-01,VGK,46.804481506347656
2019-11-01,VGK,47.40980529785156
2019-12-01,VGK,49.26786804199219
2020-01-01,VGK,48.01902389526367
2020-02-01,VGK,44.19711685180664
2020-03-01,VGK,36.5955810546875
2020-04-01,VGK,39.21164321899414
2020-05-01,VGK,41.501182556152344
2020-06-01,VGK,42.83746337890625
2020-07-01,VGK,44.710086822509766
2020-08-01,VGK,46.63835144042969
2020-09-01,VGK,44.93291091918945
2020-10-01,VGK,42.73713684082031
2020-11-01,VGK,49.74365234375
2020-12-01,VGK,51.9154167175293
2021-01-01,VGK,52.096649169921875
2021-02-01,VGK,53.440521240234375
2021-03-01,VGK,54.97637176513672
2021-04-01,VGK,57.851043701171875
2021-05-01,VGK,60.42766189575195
2021-06-01,VGK,58.94654846191406
2021-07-01,VGK,60.705787658691406
2021-08-01,VGK,61.804527282714844
2021-09-01,VGK,58.13612747192383
2021-10-01,VGK,61.414039611816406
2021-11-01,VGK,58.4106330871582
2021-12-01,VGK,60.81692123413086
2022-01-01,VGK,59.249908447265625
2022-02-01,VGK,56.11631393432617
2022-03-01,VGK,56.08029556274414
2022-04-01,VGK,52.69417953491211
2022-05-01,VGK,53.96663284301758
2022-06-01,VGK,47.66752243041992
2022-07-01,VGK,51.05537414550781
2022-08-01,VGK,47.244171142578125
2022-09-01,VGK,42.484771728515625
2022-10-01,VGK,46.26519012451172
2022-11-01,VGK,52.506004333496094
2022-12-01,VGK,51.257835388183594
2023-01-01,VGK,56.56336212158203
2023-02-01,VGK,55.59487533569336
2023-03-01,VGK,56.7589225769043
2023-04-01,VGK,59.327030181884766
2023-05-01,VGK,56.28917694091797
2023-06-01,VGK,57.67256164550781
2023-07-01,VGK,60.39461135864258
2023-08-01,VGK,57.94990158081055
2023-09-01,VGK,55.10567855834961
2023-10-01,VGK,53.63552474975586
2023-11-01,VGK,58.87105941772461
2023-12-01,VGK,61.603477478027344
2024-01-01,VGK,61.289947509765625
2024-02-01,VGK,62.762290954589844
2024-03-01,VGK,64.80240631103516
2024-04-01,VGK,63.49725341796875
2024-05-01,VGK,67.59041595458984
2024-06-01,VGK,64.61003875732422
2024-07-01,VGK,67.25657653808594
2024-08-01,VGK,69.68315887451172
2024-09-01,VGK,69.85017395019531
2024-10-01,VGK,66.15833282470703
2024-11-01,VGK,64.99627685546875
2024-12-01,VGK,62.50475311279297
2025-01-01,VGK,67.22706604003906
2016-01-01,VTHRX,18.47755241394043
2016-02-01,VTHRX,18.394447326660156
2016-03-01,VTHRX,19.447139739990234
2016-04-01,VTHRX,19.64798355102539
2016-05-01,VTHRX,19.751869201660156
2016-06-01,VTHRX,19.821125030517578
2016-07-01,VTHRX,20.458282470703125
2016-08-01,VTHRX,20.520610809326172
2016-09-01,VTHRX,20.617568969726562
2016-10-01,VTHRX,20.257434844970703
2016-11-01,VTHRX,20.402873992919922
2016-12-01,VTHRX,20.22281265258789
2017-01-01,VTHRX,21.107759475708008
2017-02-01,VTHRX,21.582807540893555
2017-03-01,VTHRX,21.760066986083984
2017-04-01,VTHRX,22.03658676147461
2017-05-01,VTHRX,22.362741470336914
2017-06-01,VTHRX,22.47618293762207
2017-07-01,VTHRX,22.90159797668457
2017-08-01,VTHRX,23.015045166015625
2017-09-01,VTHRX,23.348285675048828
2017-10-01,VTHRX,23.709890365600586
2017-11-01,VTHRX,24.064403533935547
2017-12-01,VTHRX,23.844608306884766
2018-01-01,VTHRX,25.194292068481445
2018-02-01,VTHRX,24.398378372192383
2018-03-01,VTHRX,24.195781707763672
2018-04-01,VTHRX,24.253665924072266
2018-05-01,VTHRX,24.441791534423828
2018-06-01,VTHRX,24.383909225463867
2018-07-01,VTHRX,24.897632598876953
2018-08-01,VTHRX,25.12917137145996
2018-09-01,VTHRX,25.13640785217285
2018-10-01,VTHRX,23.732704162597656
2018-11-01,VTHRX,24.058303833007812
2018-12-01,VTHRX,22.300058364868164
2019-01-01,VTHRX,24.277360916137695
2019-02-01,VTHRX,24.745662689208984
2019-03-01,VTHRX,25.095029830932617
2019-04-01,VTHRX,25.69713020324707
2019-05-01,VTHRX,24.745662689208984
2019-06-01,VTHRX,25.94986915588379
2019-07-01,VTHRX,26.016767501831055
2019-08-01,VTHRX,25.845800399780273
2019-09-01,VTHRX,26.180299758911133
2019-10-01,VTHRX,26.648605346679688
2019-11-01,VTHRX,27.131772994995117
2019-12-01,VTHRX,27.0946044921875
2020-01-01,VTHRX,27.66982650756836
2020-02-01,VTHRX,26.376134872436523
2020-03-01,VTHRX,23.6441593170166
2020-04-01,VTHRX,25.546648025512695
2020-05-01,VTHRX,26.46745491027832
2020-06-01,VTHRX,27.091472625732422
2020-07-01,VTHRX,28.134037017822266
2020-08-01,VTHRX,29.176603317260742
2020-09-01,VTHRX,28.636293411254883
2020-10-01,VTHRX,28.20252799987793
2020-11-01,VTHRX,30.60727310180664
2020-12-01,VTHRX,30.858402252197266
2021-01-01,VTHRX,31.534912109375
2021-02-01,VTHRX,31.9564208984375
2021-03-01,VTHRX,32.44037628173828
2021-04-01,VTHRX,33.40827178955078
2021-05-01,VTHRX,33.767330169677734
2021-06-01,VTHRX,34.14201354980469
2021-07-01,VTHRX,34.40740203857422
2021-08-01,VTHRX,34.92257308959961
2021-09-01,VTHRX,33.87661361694336
2021-10-01,VTHRX,34.96940612792969
2021-11-01,VTHRX,34.43081283569336
2021-12-01,VTHRX,29.989389419555664
2022-01-01,VTHRX,33.92879867553711
2022-02-01,VTHRX,33.18563461303711
2022-03-01,VTHRX,33.259037017822266
2022-04-01,VTHRX,31.139629364013672
2022-05-01,VTHRX,31.240554809570312
2022-06-01,VTHRX,29.378047943115234
2022-07-01,VTHRX,30.983657836914062
2022-08-01,VTHRX,29.87349510192871
2022-09-01,VTHRX,27.634817123413086
2022-10-01,VTHRX,28.65323257446289
2022-11-01,VTHRX,30.524911880493164
2022-12-01,VTHRX,28.781681060791016
2023-01-01,VTHRX,31.240686416625977
2023-02-01,VTHRX,30.384647369384766
2023-03-01,VTHRX,31.184246063232422
2023-04-01,VTHRX,31.485271453857422
2023-05-01,VTHRX,31.184246063232422
2023-06-01,VTHRX,32.294273376464844
2023-07-01,VTHRX,33.056236267089844
2023-08-01,VTHRX,32.38833999633789
2023-09-01,VTHRX,31.25950050354004
2023-10-01,VTHRX,30.544567108154297
2023-11-01,VTHRX,32.726993560791016
2023-12-01,VTHRX,33.36667251586914
2024-01-01,VTHRX,34.19546890258789
2024-02-01,VTHRX,34.996543884277344
2024-03-01,VTHRX,35.79762649536133
2024-04-01,VTHRX,34.73595428466797
2024-05-01,VTHRX,35.845882415771484
2024-06-01,VTHRX,36.29950714111328
2024-07-01,VTHRX,37.1005859375
2024-08-01,VTHRX,37.81480026245117
2024-09-01,VTHRX,38.53866958618164
2024-10-01,VTHRX,37.69898223876953
2024-11-01,VTHRX,38.770301818847656
2024-12-01,VTHRX,36.56010055541992
2025-01-01,VTHRX,38.66999816894531
2016-01-01,VXUS,32.40355682373047
2016-02-01,VXUS,31.605802536010742
2016-03-01,VXUS,34.128177642822266
2016-04-01,VXUS,34.9774284362793
2016-05-01,VXUS,34.634429931640625
2016-06-01,VXUS,33.90271759033203
2016-07-01,VXUS,35.86905288696289
2016-08-01,VXUS,36.031070709228516
2016-09-01,VXUS,36.424560546875
2016-10-01,VXUS,35.93818664550781
2016-11-01,VXUS,35.21648406982422
2016-12-01,VXUS,35.60448455810547
2017-01-01,VXUS,37.3726692199707
2017-02-01,VXUS,37.87357711791992
2017-03-01,VXUS,38.88322448730469
2017-04-01,VXUS,39.8096923828125
2017-05-01,VXUS,40.98748779296875
2017-06-01,VXUS,40.8068962097168
2017-07-01,VXUS,42.6351203918457
2017-08-01,VXUS,42.86526870727539
2017-09-01,VXUS,43.43669891357422
2017-10-01,VXUS,44.557857513427734
2017-11-01,VXUS,44.83713912963867
2017-12-01,VXUS,45.33187484741211
2018-01-01,VXUS,48.38634490966797
2018-02-01,VXUS,45.848602294921875
2018-03-01,VXUS,45.55856704711914
2018-04-01,VXUS,45.8857536315918
2018-05-01,VXUS,45.134586334228516
2018-06-01,VXUS,43.69687271118164
2018-07-01,VXUS,45.30263137817383
2018-08-01,VXUS,44.21661376953125
2018-09-01,VXUS,44.09413146972656
2018-10-01,VXUS,40.520179748535156
2018-11-01,VXUS,41.20126724243164
2018-12-01,VXUS,38.74773406982422
2019-01-01,VXUS,42.16608428955078
2019-02-01,VXUS,42.85447311401367
2019-03-01,VXUS,43.04523468017578
2019-04-01,VXUS,44.38241958618164
2019-05-01,VXUS,41.977752685546875
2019-06-01,VXUS,43.89148712158203
2019-07-01,VXUS,43.51611328125
2019-08-01,VXUS,42.57339859008789
2019-09-01,VXUS,43.4824333190918
2019-10-01,VXUS,45.23151397705078
2019-11-01,VXUS,45.6801872253418
2019-12-01,VXUS,47.14472961425781
2020-01-01,VXUS,46.062034606933594
2020-02-01,VXUS,43.02262878417969
2020-03-01,VXUS,35.92496109008789
2020-04-01,VXUS,38.765377044677734
2020-05-01,VXUS,40.7057991027832
2020-06-01,VXUS,42.2169075012207
2020-07-01,VXUS,44.19378662109375
2020-08-01,VXUS,46.15279006958008
2020-09-01,VXUS,45.02225875854492
2020-10-01,VXUS,44.2673225402832
2020-11-01,VXUS,49.85176467895508
2020-12-01,VXUS,52.248817443847656
2021-01-01,VXUS,52.89683532714844
2021-02-01,VXUS,54.11598587036133
2021-03-01,VXUS,54.99304962158203
2021-04-01,VXUS,56.657657623291016
2021-05-01,VXUS,58.398529052734375
2021-06-01,VXUS,57.747901916503906
2021-07-01,VXUS,57.549835205078125
2021-08-01,VXUS,58.391719818115234
2021-09-01,VXUS,56.061004638671875
2021-10-01,VXUS,57.990745544433594
2021-11-01,VXUS,55.522483825683594
2021-12-01,VXUS,56.645233154296875
2022-01-01,VXUS,55.87764358520508
2022-02-01,VXUS,54.28554153442383
2022-03-01,VXUS,54.04130172729492
2022-04-01,VXUS,50.615760803222656
2022-05-01,VXUS,51.38595962524414
2022-06-01,VXUS,46.76475143432617
2022-07-01,VXUS,49.0297737121582
2022-08-01,VXUS,46.82989501953125
2022-09-01,VXUS,41.953495025634766
2022-10-01,VXUS,43.6290283203125
2022-11-01,VXUS,49.316551208496094
2022-12-01,VXUS,47.675743103027344
2023-01-01,VXUS,52.448341369628906
2023-02-01,VXUS,50.208946228027344
2023-03-01,VXUS,51.515254974365234
2023-04-01,VXUS,52.6072998046875
2023-05-01,VXUS,50.76487731933594
2023-06-01,VXUS,52.44831085205078
2023-07-01,VXUS,55.0778694152832
2023-08-01,VXUS,52.65769958496094
2023-09-01,VXUS,50.596763610839844
2023-10-01,VXUS,49.15555953979492
2023-11-01,VXUS,53.2043342590332
2023-12-01,VXUS,55.086158752441406
2024-01-01,VXUS,54.959068298339844
2024-02-01,VXUS,56.56047439575195
2024-03-01,VXUS,58.1715202331543
2024-04-01,VXUS,57.034297943115234
2024-05-01,VXUS,59.3292236328125
2024-06-01,VXUS,58.38994598388672
2024-07-01,VXUS,60.399925231933594
2024-08-01,VXUS,61.854286193847656
2024-09-01,VXUS,63.1915168762207
2024-10-01,VXUS,60.62912368774414
2024-11-01,VXUS,60.491886138916016
2024-12-01,VXUS,57.76676559448242
2025-01-01,VXUS,60.738075256347656
2016-01-01,XBAL.TO,15.96412181854248
2016-02-01,XBAL.TO,16.066959381103516
2016-03-01,XBAL.TO,16.740585327148438
2016-04-01,XBAL.TO,16.859050750732422
2016-05-01,XBAL.TO,17.082609176635742
2016-06-01,XBAL.TO,17.283451080322266
2016-07-01,XBAL.TO,17.62190055847168
2016-08-01,XBAL.TO,17.676937103271484
2016-09-01,XBAL.TO,17.675172805786133
2016-10-01,XBAL.TO,17.422630310058594
2016-11-01,XBAL.TO,17.53131675720215
2016-12-01,XBAL.TO,17.771629333496094
2017-01-01,XBAL.TO,17.807636260986328
2017-02-01,XBAL.TO,18.109800338745117
2017-03-01,XBAL.TO,18.190624237060547
2017-04-01,XBAL.TO,18.362531661987305
2017-05-01,XBAL.TO,18.301166534423828
2017-06-01,XBAL.TO,18.19819450378418
2017-07-01,XBAL.TO,18.0863094329834
2017-08-01,XBAL.TO,18.114330291748047
2017-09-01,XBAL.TO,18.268295288085938
2017-10-01,XBAL.TO,18.514951705932617
2017-11-01,XBAL.TO,18.628652572631836
2017-12-01,XBAL.TO,18.76772117614746
2018-01-01,XBAL.TO,18.670610427856445
2018-02-01,XBAL.TO,18.383014678955078
2018-03-01,XBAL.TO,18.316041946411133
2018-04-01,XBAL.TO,18.410511016845703
2018-05-01,XBAL.TO,18.5719051361084
2018-06-01,XBAL.TO,18.793758392333984
2018-07-01,XBAL.TO,19.007301330566406
2018-08-01,XBAL.TO,19.146207809448242
2018-09-01,XBAL.TO,18.982952117919922
2018-10-01,XBAL.TO,18.532752990722656
2018-11-01,XBAL.TO,18.70709991455078
2018-12-01,XBAL.TO,18.24677848815918
2019-01-01,XBAL.TO,18.964385986328125
2019-02-01,XBAL.TO,19.357473373413086
2019-03-01,XBAL.TO,19.6632080078125
2019-04-01,XBAL.TO,20.189002990722656
2019-05-01,XBAL.TO,19.749914169311523
2019-06-01,XBAL.TO,20.004587173461914
2019-07-01,XBAL.TO,20.272520065307617
2019-08-01,XBAL.TO,20.307899475097656
2019-09-01,XBAL.TO,20.35212516784668
2019-10-01,XBAL.TO,20.622150421142578
2019-11-01,XBAL.TO,21.12860107421875
2019-12-01,XBAL.TO,20.96867561340332
2020-01-01,XBAL.TO,21.42900848388672
2020-02-01,XBAL.TO,20.641963958740234
2020-03-01,XBAL.TO,18.853233337402344
2020-04-01,XBAL.TO,20.374757766723633
2020-05-01,XBAL.TO,20.88705062866211
2020-06-01,XBAL.TO,21.075790405273438
2020-07-01,XBAL.TO,21.790685653686523
2020-08-01,XBAL.TO,22.14345932006836
2020-09-01,XBAL.TO,21.881141662597656
2020-10-01,XBAL.TO,21.584896087646484
2020-11-01,XBAL.TO,23.011171340942383
2020-12-01,XBAL.TO,23.220115661621094
2021-01-01,XBAL.TO,23.29763412475586
2021-02-01,XBAL.TO,23.544504165649414
2021-03-01,XBAL.TO,23.64508628845215
2021-04-01,XBAL.TO,24.055221557617188
2021-05-01,XBAL.TO,24.294031143188477
2021-06-01,XBAL.TO,24.688982009887695
2021-07-01,XBAL.TO,25.118703842163086
2021-08-01,XBAL.TO,25.580442428588867
2021-09-01,XBAL.TO,24.86935806274414
2021-10-01,XBAL.TO,25.37321662902832
2021-11-01,XBAL.TO,25.382482528686523
2021-12-01,XBAL.TO,25.620681762695312
2022-01-01,XBAL.TO,24.8193416595459
2022-02-01,XBAL.TO,24.44062614440918
2022-03-01,XBAL.TO,24.29283905029297
2022-04-01,XBAL.TO,23.248292922973633
2022-05-01,XBAL.TO,23.19265365600586
2022-06-01,XBAL.TO,21.755281448364258
2022-07-01,XBAL.TO,23.072263717651367
2022-08-01,XBAL.TO,22.605026245117188
2022-09-01,XBAL.TO,21.71727180480957
2022-10-01,XBAL.TO,22.428512573242188
2022-11-01,XBAL.TO,23.52693748474121
2022-12-01,XBAL.TO,22.757102966308594
2023-01-01,XBAL.TO,23.974014282226562
2023-02-01,XBAL.TO,23.681535720825195
2023-03-01,XBAL.TO,23.945707321166992
2023-04-01,XBAL.TO,24.405492782592773
2023-05-01,XBAL.TO,23.988794326782227
2023-06-01,XBAL.TO,24.263437271118164
2023-07-01,XBAL.TO,24.82023811340332
2023-08-01,XBAL.TO,24.715269088745117
2023-09-01,XBAL.TO,23.79918670654297
2023-10-01,XBAL.TO,23.691682815551758
2023-11-01,XBAL.TO,25.034530639648438
2023-12-01,XBAL.TO,25.62921905517578
2024-01-01,XBAL.TO,25.970699310302734
2024-02-01,XBAL.TO,26.60932159423828
2024-03-01,XBAL.TO,27.09312629699707
2024-04-01,XBAL.TO,26.68665885925293
2024-05-01,XBAL.TO,27.386634826660156
2024-06-01,XBAL.TO,27.435245513916016
2024-07-01,XBAL.TO,28.484588623046875
2024-08-01,XBAL.TO,28.611927032470703
2024-09-01,XBAL.TO,29.082101821899414
2024-10-01,XBAL.TO,29.195491790771484
2024-11-01,XBAL.TO,30.37670135498047
2024-12-01,XBAL.TO,29.618759155273438
2025-01-01,XBAL.TO,30.82545280456543
2016-01-01,XBB.TO,24.093936920166016
2016-02-01,XBB.TO,24.167261123657227
2016-03-01,XBB.TO,24.3319034576416
2016-04-01,XBB.TO,24.33612823486328
2016-05-01,XBB.TO,24.50855827331543
2016-06-01,XBB.TO,24.97391700744629
2016-07-01,XBB.TO,25.177661895751953
2016-08-01,XBB.TO,25.195026397705078
2016-09-01,XBB.TO,25.22760009765625
2016-10-01,XBB.TO,24.979854583740234
2016-11-01,XBB.TO,24.465036392211914
2016-12-01,XBB.TO,24.348278045654297
2017-01-01,XBB.TO,24.31009292602539
2017-02-01,XBB.TO,24.545490264892578
2017-03-01,XBB.TO,24.608774185180664
2017-04-01,XBB.TO,24.96403694152832
2017-05-01,XBB.TO,25.193449020385742
2017-06-01,XBB.TO,24.87640380859375
2017-07-01,XBB.TO,24.434406280517578
2017-08-01,XBB.TO,24.764158248901367
2017-09-01,XBB.TO,24.408687591552734
2017-10-01,XBB.TO,24.788942337036133
2017-11-01,XBB.TO,25.01801300048828
2017-12-01,XBB.TO,24.933664321899414
2018-01-01,XBB.TO,24.711584091186523
2018-02-01,XBB.TO,24.72273063659668
2018-03-01,XBB.TO,24.87212371826172
2018-04-01,XBB.TO,24.71281623840332
2018-05-01,XBB.TO,24.911529541015625
2018-06-01,XBB.TO,25.071277618408203
2018-07-01,XBB.TO,24.861494064331055
2018-08-01,XBB.TO,25.07679557800293
2018-09-01,XBB.TO,24.807939529418945
2018-10-01,XBB.TO,24.629674911499023
2018-11-01,XBB.TO,24.897029876708984
2018-12-01,XBB.TO,25.18207359313965
2019-01-01,XBB.TO,25.558963775634766
2019-02-01,XBB.TO,25.645769119262695
2019-03-01,XBB.TO,26.19966697692871
2019-04-01,XBB.TO,26.185991287231445
2019-05-01,XBB.TO,26.65056037902832
2019-06-01,XBB.TO,26.898881912231445
2019-07-01,XBB.TO,26.910537719726562
2019-08-01,XBB.TO,27.462392807006836
2019-09-01,XBB.TO,27.220428466796875
2019-10-01,XBB.TO,27.172775268554688
2019-11-01,XBB.TO,27.312440872192383
2019-12-01,XBB.TO,27.01763343811035
2020-01-01,XBB.TO,27.73789405822754
2020-02-01,XBB.TO,27.885231018066406
2020-03-01,XBB.TO,26.95173454284668
2020-04-01,XBB.TO,28.37343406677246
2020-05-01,XBB.TO,28.47905731201172
2020-06-01,XBB.TO,28.990358352661133
2020-07-01,XBB.TO,29.407533645629883
2020-08-01,XBB.TO,28.99234962463379
2020-09-01,XBB.TO,29.105688095092773
2020-10-01,XBB.TO,28.853607177734375
2020-11-01,XBB.TO,29.193584442138672
2020-12-01,XBB.TO,29.342395782470703
2021-01-01,XBB.TO,28.9569091796875
2021-02-01,XBB.TO,28.165437698364258
2021-03-01,XBB.TO,27.803293228149414
2021-04-01,XBB.TO,27.81098175048828
2021-05-01,XBB.TO,27.977901458740234
2021-06-01,XBB.TO,28.277618408203125
2021-07-01,XBB.TO,28.56878089904785
2021-08-01,XBB.TO,28.51270294189453
2021-09-01,XBB.TO,28.081125259399414
2021-10-01,XBB.TO,27.80883026123047
2021-11-01,XBB.TO,28.02876853942871
2021-12-01,XBB.TO,28.519182205200195
2022-01-01,XBB.TO,27.51797866821289
2022-02-01,XBB.TO,27.315120697021484
2022-03-01,XBB.TO,26.4981746673584
2022-04-01,XBB.TO,25.53551483154297
2022-05-01,XBB.TO,25.540721893310547
2022-06-01,XBB.TO,24.97501564025879
2022-07-01,XBB.TO,25.955896377563477
2022-08-01,XBB.TO,25.231122970581055
2022-09-01,XBB.TO,25.062528610229492
2022-10-01,XBB.TO,24.86553192138672
2022-11-01,XBB.TO,25.563459396362305
2022-12-01,XBB.TO,25.18333625793457
2023-01-01,XBB.TO,25.929502487182617
2023-02-01,XBB.TO,25.41765594482422
2023-03-01,XBB.TO,25.97492218017578
2023-04-01,XBB.TO,26.197471618652344
2023-05-01,XBB.TO,25.76811981201172
2023-06-01,XBB.TO,25.786052703857422
2023-07-01,XBB.TO,25.458818435668945
2023-08-01,XBB.TO,25.431499481201172
2023-09-01,XBB.TO,24.79214859008789
2023-10-01,XBB.TO,24.81250762939453
2023-11-01,XBB.TO,25.925228118896484
2023-12-01,XBB.TO,26.851715087890625
2024-01-01,XBB.TO,26.4537353515625
2024-02-01,XBB.TO,26.35311508178711
2024-03-01,XBB.TO,26.492244720458984
2024-04-01,XBB.TO,25.920215606689453
2024-05-01,XBB.TO,26.388635635375977
2024-06-01,XBB.TO,26.73265838623047
2024-07-01,XBB.TO,27.31085205078125
2024-08-01,XBB.TO,27.42652130126953
2024-09-01,XBB.TO,27.921245574951172
2024-10-01,XBB.TO,27.64529037475586
2024-11-01,XBB.TO,28.124990463256836
2024-12-01,XBB.TO,27.919208526611328
2025-01-01,XBB.TO,28.243877410888672
2016-01-01,XIU.TO,14.408876419067383
2016-02-01,XIU.TO,14.469805717468262
2016-03-01,XIU.TO,15.132369995117188
2016-04-01,XIU.TO,15.642621040344238
2016-05-01,XIU.TO,15.77970027923584
2016-06-01,XIU.TO,15.657852172851562
2016-07-01,XIU.TO,16.3797550201416
2016-08-01,XIU.TO,16.364408493041992
2016-09-01,XIU.TO,16.687673568725586
2016-10-01,XIU.TO,16.903995513916016
2016-11-01,XIU.TO,17.189855575561523
2016-12-01,XIU.TO,17.611021041870117
2017-01-01,XIU.TO,17.813262939453125
2017-02-01,XIU.TO,17.712139129638672
2017-03-01,XIU.TO,18.02366065979004
2017-04-01,XIU.TO,18.133270263671875
2017-05-01,XIU.TO,17.780941009521484
2017-06-01,XIU.TO,17.682361602783203
2017-07-01,XIU.TO,17.698131561279297
2017-08-01,XIU.TO,17.619291305541992
2017-09-01,XIU.TO,18.37718391418457
2017-10-01,XIU.TO,18.948740005493164
2017-11-01,XIU.TO,18.948740005493164
2017-12-01,XIU.TO,19.298702239990234
2018-01-01,XIU.TO,19.011028289794922
2018-02-01,XIU.TO,18.315786361694336
2018-03-01,XIU.TO,18.405256271362305
2018-04-01,XIU.TO,18.694982528686523
2018-05-01,XIU.TO,19.17784309387207
2018-06-01,XIU.TO,19.679746627807617
2018-07-01,XIU.TO,19.96343231201172
2018-08-01,XIU.TO,19.655433654785156
2018-09-01,XIU.TO,19.544511795043945
2018-10-01,XIU.TO,18.401554107666016
2018-11-01,XIU.TO,18.68729591369629
2018-12-01,XIU.TO,17.78954315185547
2019-01-01,XIU.TO,19.295316696166992
2019-02-01,XIU.TO,19.665584564208984
2019-03-01,XIU.TO,20.028156280517578
2019-04-01,XIU.TO,20.790821075439453
2019-05-01,XIU.TO,20.00328826904297
2019-06-01,XIU.TO,20.58559799194336
2019-07-01,XIU.TO,20.64405632019043
2019-08-01,XIU.TO,20.58559799194336
2019-09-01,XIU.TO,21.161563873291016
2019-10-01,XIU.TO,20.942794799804688
2019-11-01,XIU.TO,21.540197372436523
2019-12-01,XIU.TO,21.668825149536133
2020-01-01,XIU.TO,22.109663009643555
2020-02-01,XIU.TO,20.753238677978516
2020-03-01,XIU.TO,17.63371467590332
2020-04-01,XIU.TO,19.273269653320312
2020-05-01,XIU.TO,19.640459060668945
2020-06-01,XIU.TO,20.294702529907227
2020-07-01,XIU.TO,21.130617141723633
2020-08-01,XIU.TO,21.44085693359375
2020-09-01,XIU.TO,21.16823387145996
2020-10-01,XIU.TO,20.430206298828125
2020-11-01,XIU.TO,22.427213668823242
2020-12-01,XIU.TO,22.810924530029297
2021-01-01,XIU.TO,22.76717758178711
2021-02-01,XIU.TO,23.598417282104492
2021-03-01,XIU.TO,24.84868049621582
2021-04-01,XIU.TO,25.421432495117188
2021-05-01,XIU.TO,26.205663681030273
2021-06-01,XIU.TO,27.08153533935547
2021-07-01,XIU.TO,27.312166213989258
2021-08-01,XIU.TO,27.4807071685791
2021-09-01,XIU.TO,27.12549591064453
2021-10-01,XIU.TO,28.607667922973633
2021-11-01,XIU.TO,28.152301788330078
2021-12-01,XIU.TO,29.21117401123047
2022-01-01,XIU.TO,29.13930892944336
2022-02-01,XIU.TO,28.932716369628906
2022-03-01,XIU.TO,30.268535614013672
2022-04-01,XIU.TO,28.749685287475586
2022-05-01,XIU.TO,28.577911376953125
2022-06-01,XIU.TO,26.415563583374023
2022-07-01,XIU.TO,27.435401916503906
2022-08-01,XIU.TO,26.779788970947266
2022-09-01,XIU.TO,25.945484161376953
2022-10-01,XIU.TO,27.39505386352539
2022-11-01,XIU.TO,28.679485321044922
2022-12-01,XIU.TO,27.356821060180664
2023-01-01,XIU.TO,29.381542205810547
2023-02-01,XIU.TO,28.36455535888672
2023-03-01,XIU.TO,28.454055786132812
2023-04-01,XIU.TO,29.470277786254883
2023-05-01,XIU.TO,27.670917510986328
2023-06-01,XIU.TO,28.8909912109375
2023-07-01,XIU.TO,29.511491775512695
2023-08-01,XIU.TO,28.853384017944336
2023-09-01,XIU.TO,28.151927947998047
2023-10-01,XIU.TO,27.260923385620117
2023-11-01,XIU.TO,29.166156768798828
2023-12-01,XIU.TO,30.599504470825195
2024-01-01,XIU.TO,30.75240707397461
2024-02-01,XIU.TO,31.096437454223633
2024-03-01,XIU.TO,32.505088806152344
2024-04-01,XIU.TO,31.802019119262695
2024-05-01,XIU.TO,32.38951873779297
2024-06-01,XIU.TO,32.064754486083984
2024-07-01,XIU.TO,33.996009826660156
2024-08-01,XIU.TO,34.26774978637695
2024-09-01,XIU.TO,35.582332611083984
2024-10-01,XIU.TO,35.856117248535156
2024-11-01,XIU.TO,37.91928482055664
2024-12-01,XIU.TO,36.94404983520508
2025-01-01,XIU.TO,38.49201202392578
